{"jazznazihitler": {"gender": "unknown", "screen_name": "jazznazihitler", "id": 2798904128, "name": "jay z"}, "WimberleyAPA": {"gender": "unknown", "screen_name": "WimberleyAPA", "id": 484695024, "name": "Wimberley APA (WAPA)"}, "JPlu9": {"gender": "male", "screen_name": "JPlu9", "id": 316893324, "name": "Jared Pluciniczak"}, "StRaphael4": {"gender": "male", "screen_name": "StRaphael4", "id": 1932601651, "name": "St Raphael"}, "joshhkidd": {"gender": "male", "screen_name": "joshhkidd", "id": 700658963, "name": "Joshua Reynolds "}, "tweetbombdotcom": {"gender": "unknown", "screen_name": "tweetbombdotcom", "id": 2478207792, "name": "TweetBomb.com"}, "D_physique": {"gender": "female", "screen_name": "D_physique", "id": 261078843, "name": "Dynasty For Life Rec"}, "tonette_f7b": {"gender": "unknown", "screen_name": "tonette_f7b", "id": 600866528, "name": "tonette_f7b"}, "bea_utyTips": {"gender": "female", "screen_name": "bea_utyTips", "id": 1149177763, "name": "Beauty Tips "}, "JAGillespie4": {"gender": "male", "screen_name": "JAGillespie4", "id": 269465114, "name": "Justin Gillespie"}, "Gjonathans": {"gender": "male", "screen_name": "Gjonathans", "id": 473080960, "name": "Jonathan Gustafsson"}, "MarioPalush": {"gender": "male", "screen_name": "MarioPalush", "id": 206735576, "name": "MARIO"}, "LadyGaaaaaga": {"gender": "female", "screen_name": "LadyGaaaaaga", "id": 461238795, "name": "Lady Gaga"}, "pdavey244": {"gender": "unknown", "screen_name": "pdavey244", "id": 142145575, "name": "Pat"}, "GurganusBrandon": {"gender": "male", "screen_name": "GurganusBrandon", "id": 2626095787, "name": "Brandon Gurganus"}, "amber_992": {"gender": "female", "screen_name": "amber_992", "id": 572196299, "name": "Amber Schakel"}, "Mc_G_TV": {"gender": "unknown", "screen_name": "Mc_G_TV", "id": 2424910378, "name": "Mc G TV"}, "NoVa_Caps": {"gender": "unknown", "screen_name": "NoVa_Caps", "id": 2537718969, "name": "NoVa Caps"}, "IKMTeckChek": {"gender": "unknown", "screen_name": "IKMTeckChek", "id": 624960189, "name": "IKM TeckChek"}, "BADBIOTCH4YOU": {"gender": null, "screen_name": "BADBIOTCH4YOU", "id": 1441784144, "name": "."}, "SPORTalkCaps": {"gender": "unknown", "screen_name": "SPORTalkCaps", "id": 3400806153, "name": "Capitals SPORTalk"}, "KevinClemmons": {"gender": "male", "screen_name": "KevinClemmons", "id": 409507657, "name": "Kevin Clemmons"}, "NoahRenn": {"gender": "male", "screen_name": "NoahRenn", "id": 394424497, "name": "Noah Renn"}, "rciii1996": {"gender": "male", "screen_name": "rciii1996", "id": 561547834, "name": "Robert RCIII Croson"}, "blohm011": {"gender": "unknown", "screen_name": "blohm011", "id": 179184335, "name": "Hunter Blohm"}, "capitals_fanly": {"gender": "unknown", "screen_name": "capitals_fanly", "id": 3020808625, "name": "Capitals Report"}, "CrownedOne_24": {"gender": "male", "screen_name": "CrownedOne_24", "id": 426029059, "name": "Steven"}, "gilman_gal": {"gender": "unknown", "screen_name": "gilman_gal", "id": 38539371, "name": "cabbage patch kid"}, "itagabriela850": {"gender": "female", "screen_name": "itagabriela850", "id": 2893560717, "name": "gabriela"}, "treyushithead15": {"gender": "male", "screen_name": "treyushithead15", "id": 330101339, "name": "trey peters"}, "GonzoOfficialTV": {"gender": "unknown", "screen_name": "GonzoOfficialTV", "id": 379514173, "name": "GONZO"}, "ShaneTaylor83": {"gender": "unknown", "screen_name": "ShaneTaylor83", "id": 334070701, "name": "Shane Taylor"}, "bigdud82": {"gender": "male", "screen_name": "bigdud82", "id": 1854545718, "name": "Mike Dudley"}, "onewhohuntssoup": {"gender": "unknown", "screen_name": "onewhohuntssoup", "id": 619493323, "name": "Hunter Zupo"}, "TyGuyness": {"gender": "unknown", "screen_name": "TyGuyness", "id": 45706506, "name": "Tyler Humphries"}, "RodneySuccess": {"gender": "male", "screen_name": "RodneySuccess", "id": 117796517, "name": "Rodney Pickett II"}, "wedoyouraccount": {"gender": "unknown", "screen_name": "wedoyouraccount", "id": 3160413270, "name": "wedoyouraccounting"}, "ThePDCommunity": {"gender": "male", "screen_name": "ThePDCommunity", "id": 1506065058, "name": "Kevin McCarthy"}, "PSQRD12": {"gender": "male", "screen_name": "PSQRD12", "id": 229751955, "name": "Paul Porter"}, "OllyTweetz": {"gender": "unknown", "screen_name": "OllyTweetz", "id": 997506212, "name": "I Follow Back ;) !"}, "NikosFotisRnR": {"gender": "unknown", "screen_name": "NikosFotisRnR", "id": 2309246978, "name": "NikosFotisR'nRoller"}, "AliShamim333": {"gender": "female", "screen_name": "AliShamim333", "id": 3161452212, "name": "Shamim"}, "farmc3": {"gender": "unknown", "screen_name": "farmc3", "id": 141670945, "name": "A. P. Parsley"}, "LHatcher94": {"gender": "male", "screen_name": "LHatcher94", "id": 552568863, "name": "luke"}, "liverMan16": {"gender": "male", "screen_name": "liverMan16", "id": 618737307, "name": "Eric Liverman"}, "_MoreBoutNothin": {"gender": "unknown", "screen_name": "_MoreBoutNothin", "id": 276778009, "name": "Scott, Marquis"}, "FatherJay": {"gender": "unknown", "screen_name": "FatherJay", "id": 57546689, "name": "Jay Wagner"}, "mgome0072": {"gender": "unknown", "screen_name": "mgome0072", "id": 4856503619, "name": "mg"}, "icantsand": {"gender": "unknown", "screen_name": "icantsand", "id": 4890260645, "name": "Sandy 'man' Wilson"}, "AmBeRLiNa93": {"gender": "female", "screen_name": "AmBeRLiNa93", "id": 1155754807, "name": "Amber Schakel"}, "WarrenLoveLife": {"gender": "male", "screen_name": "WarrenLoveLife", "id": 368420976, "name": "Warren Happy \u2764"}, "prpl_n_pancakes": {"gender": "male", "screen_name": "prpl_n_pancakes", "id": 3476705837, "name": "Daniel Pancake"}, "Eucharistia_": {"gender": "unknown", "screen_name": "Eucharistia_", "id": 1423887823, "name": "Real Presence"}, "itsmeCodyC": {"gender": "unknown", "screen_name": "itsmeCodyC", "id": 452670992, "name": "Cody Crampton"}, "BrockwellEllen": {"gender": "female", "screen_name": "BrockwellEllen", "id": 2222539170, "name": "Ellen brockwell"}, "DobieHouson": {"gender": "male", "screen_name": "DobieHouson", "id": 272005759, "name": "dobie houson"}}