source,target,value
rciii1996,liverMan16,1.1
D_physique,RodneySuccess,1.1
BrockwellEllen,MarioPalush,1.1
AmBeRLiNa93,amber_992,1.1
RodneySuccess,D_physique,1.1
GurganusBrandon,LHatcher94,1.1
joshhkidd,LHatcher94,1.1
amber_992,LHatcher94,1.1
liverMan16,rciii1996,1.1
PSQRD12,CrownedOne_24,1.1
JAGillespie4,JPlu9,1.1
PSQRD12,JPlu9,1.1
CrownedOne_24,JAGillespie4,1.1
JPlu9,JAGillespie4,1.1
Gjonathans,PSQRD12,1.1
CrownedOne_24,PSQRD12,1.1
JPlu9,PSQRD12,1.1
itagabriela850,KevinClemmons,1.1
prpl_n_pancakes,KevinClemmons,1.1
AliShamim333,KevinClemmons,1.1
GurganusBrandon,KevinClemmons,1.1
bigdud82,KevinClemmons,1.1
NoahRenn,KevinClemmons,1.1
liverMan16,KevinClemmons,1.1
joshhkidd,KevinClemmons,1.1
BrockwellEllen,KevinClemmons,1.1
StRaphael4,KevinClemmons,1.1
ThePDCommunity,KevinClemmons,1.1
RodneySuccess,KevinClemmons,1.1
MarioPalush,KevinClemmons,1.1
AmBeRLiNa93,KevinClemmons,1.1
bea_utyTips,KevinClemmons,1.1
treyushithead15,KevinClemmons,1.1
amber_992,KevinClemmons,1.1
D_physique,KevinClemmons,1.1
DobieHouson,KevinClemmons,1.1
LHatcher94,KevinClemmons,1.1
Gjonathans,KevinClemmons,1.1
LadyGaaaaaga,KevinClemmons,1.1
WarrenLoveLife,KevinClemmons,1.1
rciii1996,KevinClemmons,1.1
CrownedOne_24,KevinClemmons,1.1
JPlu9,KevinClemmons,1.1
JAGillespie4,KevinClemmons,1.1
PSQRD12,KevinClemmons,1.1
