{"jazznazihitler": {"gender": null, "id": 2798904128, "name": "jay z", "screen_name": "jazznazihitler"}, "WimberleyAPA": {"gender": null, "id": 484695024, "name": "Wimberley APA (WAPA)", "screen_name": "WimberleyAPA"}, "mgome0072": {"gender": null, "id": 4856503619, "name": "mg", "screen_name": "mgome0072"}, "StRaphael4": {"gender": null, "id": 1932601651, "name": "St Raphael", "screen_name": "StRaphael4"}, "joshhkidd": {"gender": null, "id": 700658963, "name": "Joshua Reynolds ", "screen_name": "joshhkidd"}, "tweetbombdotcom": {"gender": null, "id": 2478207792, "name": "TweetBomb.com", "screen_name": "tweetbombdotcom"}, "D_physique": {"gender": null, "id": 261078843, "name": "Dynasty For Life Rec", "screen_name": "D_physique"}, "tonette_f7b": {"gender": null, "id": 600866528, "name": "tonette_f7b", "screen_name": "tonette_f7b"}, "bea_utyTips": {"gender": null, "id": 1149177763, "name": "Beauty Tips ", "screen_name": "bea_utyTips"}, "JAGillespie4": {"gender": null, "id": 269465114, "name": "Justin Gillespie", "screen_name": "JAGillespie4"}, "Gjonathans": {"gender": null, "id": 473080960, "name": "Jonathan Gustafsson", "screen_name": "Gjonathans"}, "MarioPalush": {"gender": null, "id": 206735576, "name": "MARIO", "screen_name": "MarioPalush"}, "LadyGaaaaaga": {"gender": null, "id": 461238795, "name": "Lady Gaga", "screen_name": "LadyGaaaaaga"}, "pdavey244": {"gender": null, "id": 142145575, "name": "Pat", "screen_name": "pdavey244"}, "GurganusBrandon": {"gender": null, "id": 2626095787, "name": "Brandon Gurganus", "screen_name": "GurganusBrandon"}, "amber_992": {"gender": null, "id": 572196299, "name": "Amber Schakel", "screen_name": "amber_992"}, "Mc_G_TV": {"gender": null, "id": 2424910378, "name": "Mc G TV", "screen_name": "Mc_G_TV"}, "NoVa_Caps": {"gender": null, "id": 2537718969, "name": "NoVa Caps", "screen_name": "NoVa_Caps"}, "IKMTeckChek": {"gender": null, "id": 624960189, "name": "IKM TeckChek", "screen_name": "IKMTeckChek"}, "BADBIOTCH4YOU": {"gender": null, "id": 1441784144, "name": ".", "screen_name": "BADBIOTCH4YOU"}, "KevinClemmons": {"gender": null, "id": 409507657, "name": "Kevin Clemmons", "screen_name": "KevinClemmons"}, "NoahRenn": {"gender": null, "id": 394424497, "name": "Noah Renn", "screen_name": "NoahRenn"}, "rciii1996": {"gender": null, "id": 561547834, "name": "Robert RCIII Croson", "screen_name": "rciii1996"}, "blohm011": {"gender": null, "id": 179184335, "name": "Hunter Blohm", "screen_name": "blohm011"}, "capitals_fanly": {"gender": null, "id": 3020808625, "name": "Capitals Report", "screen_name": "capitals_fanly"}, "CrownedOne_24": {"gender": null, "id": 426029059, "name": "Steven", "screen_name": "CrownedOne_24"}, "gilman_gal": {"gender": null, "id": 38539371, "name": "cabbage patch kid", "screen_name": "gilman_gal"}, "farmc3": {"gender": null, "id": 141670945, "name": "A. P. Parsley", "screen_name": "farmc3"}, "treyushithead15": {"gender": null, "id": 330101339, "name": "trey peters", "screen_name": "treyushithead15"}, "GonzoOfficialTV": {"gender": null, "id": 379514173, "name": "GONZO", "screen_name": "GonzoOfficialTV"}, "JPlu9": {"gender": null, "id": 316893324, "name": "Jared Pluciniczak", "screen_name": "JPlu9"}, "LHatcher94": {"gender": null, "id": 552568863, "name": "luke", "screen_name": "LHatcher94"}, "bigdud82": {"gender": null, "id": 1854545718, "name": "Mike Dudley", "screen_name": "bigdud82"}, "itsmeCodyC": {"gender": null, "id": 452670992, "name": "Cody Crampton", "screen_name": "itsmeCodyC"}, "TyGuyness": {"gender": null, "id": 45706506, "name": "Tyler Humphries", "screen_name": "TyGuyness"}, "RodneySuccess": {"gender": null, "id": 117796517, "name": "Rodney Pickett II", "screen_name": "RodneySuccess"}, "wedoyouraccount": {"gender": null, "id": 3160413270, "name": "wedoyouraccounting", "screen_name": "wedoyouraccount"}, "ThePDCommunity": {"gender": null, "id": 1506065058, "name": "Kevin McCarthy", "screen_name": "ThePDCommunity"}, "PSQRD12": {"gender": null, "id": 229751955, "name": "Paul Porter", "screen_name": "PSQRD12"}, "OllyTweetz": {"gender": null, "id": 997506212, "name": "I Follow Back ;) !", "screen_name": "OllyTweetz"}, "NikosFotisRnR": {"gender": null, "id": 2309246978, "name": "NikosFotisR'nRoller", "screen_name": "NikosFotisRnR"}, "AliShamim333": {"gender": null, "id": 3161452212, "name": "Shamim", "screen_name": "AliShamim333"}, "itagabriela850": {"gender": null, "id": 2893560717, "name": "gabriela", "screen_name": "itagabriela850"}, "ShaneTaylor83": {"gender": null, "id": 334070701, "name": "Shane Taylor", "screen_name": "ShaneTaylor83"}, "liverMan16": {"gender": null, "id": 618737307, "name": "Eric Liverman", "screen_name": "liverMan16"}, "_MoreBoutNothin": {"gender": null, "id": 276778009, "name": "Scott, Marquis", "screen_name": "_MoreBoutNothin"}, "FatherJay": {"gender": null, "id": 57546689, "name": "Jay Wagner", "screen_name": "FatherJay"}, "SPORTalkCaps": {"gender": null, "id": 3400806153, "name": "Capitals SPORTalk", "screen_name": "SPORTalkCaps"}, "icantsand": {"gender": null, "id": 4890260645, "name": "Sandy 'man' Wilson", "screen_name": "icantsand"}, "AmBeRLiNa93": {"gender": null, "id": 1155754807, "name": "Amber Schakel", "screen_name": "AmBeRLiNa93"}, "WarrenLoveLife": {"gender": null, "id": 368420976, "name": "Warren Happy \u2764", "screen_name": "WarrenLoveLife"}, "prpl_n_pancakes": {"gender": null, "id": 3476705837, "name": "Daniel Pancake", "screen_name": "prpl_n_pancakes"}, "Eucharistia_": {"gender": null, "id": 1423887823, "name": "Real Presence", "screen_name": "Eucharistia_"}, "onewhohuntssoup": {"gender": null, "id": 619493323, "name": "Hunter Zupo", "screen_name": "onewhohuntssoup"}, "BrockwellEllen": {"gender": null, "id": 2222539170, "name": "Ellen brockwell", "screen_name": "BrockwellEllen"}, "DobieHouson": {"gender": null, "id": 272005759, "name": "dobie houson", "screen_name": "DobieHouson"}}